event_delta,non_event_delta,amplification
0.22242955467253359,-0.010936646486931864,0.23336620115946544
