is_festival,PM2_5_ugm3,event_delta
False,33.90272842437376,-0.010936646486931864
True,41.81418148347701,0.22242955467253356
