mean,median,std,skewness,kurtosis,min,max,p95,p99
34.73964246698964,25.9,30.84349611479471,2.5428533421546824,10.50788591117613,0.1,581.1,93.8,155.1
