log_mean,log_std,log_skew
3.2743357270434386,0.7924186122899202,-0.1594869975577457
