mean,median,gap,gap_ratio
34.73964246698964,25.9,8.839642466989645,0.25445404268018196
