Season,PM2_5_ugm3
Monsoon,21.772487500339665
Post_Monsoon,40.630247844827586
Summer,33.85852802765284
Winter,50.66048691521398
