is_festival,severe_probability
False,0.0009082796864044872
True,0.0006285919540229885
