overall_variance,grouped_variance,variance_reduction
951.3212525833565,963.7716683904346,-12.450415807078116
