low_wind,high_humidity,PM2_5_ugm3
False,False,37.47751641626588
False,True,33.144997851379095
True,False,38.63836128798467
True,True,31.79747228186556
